1;2;3;4;5;6;7;8;9;10;11;12;13;14;15;16;17;18;19;20;21;22;23;24;25;26;27;28;29;30;31;32;33;34;35;36;37;38;39;40;41;42;43;44;45;46;47;48;49;50;51;52;53;54;55;56;57;58;59;60;61;62;63;64;65;66;67;68;69;70;71;72;73;74;75;76;77;78;79;80;81;82;83;84;85;86;87;88;89;90;91;92;93;94;95;96;97;98;99;100
530;827;889;260;142;97;529;140;666;36;761;518;285;37;893;878;17;170;147;834;558;900;964;97;600;141;191;700;452;578;270;483;125;63;186;517;735;588;482;591;966;14;247;655;401;15;64;727;889;744;201;716;378;826;506;429;836;200;602;951;227;548;925;665;595;449;133;920;645;861;548;26;528;443;67;313;618;655;861;398;79;58;329;924;64;442;874;298;827;249;169;322;796;442;552;450;927;782;623;941
990;22;987;824;91;969;42;279;267;718;1;925;311;197;122;454;698;491;256;695;359;637;210;108;586;531;267;198;233;42;757;783;320;985;342;696;828;301;922;392;931;618;420;149;269;348;542;116;979;240;897;116;91;633;40;707;774;783;396;188;772;991;797;903;966;453;275;930;811;916;505;270;789;925;204;440;506;698;751;888;783;2;324;613;469;738;88;180;739;725;883;454;823;682;826;517;771;431;663;161
871;510;826;763;938;591;448;322;78;586;233;1;845;638;249;657;283;342;39;636;118;712;57;926;852;999;601;608;694;350;248;621;836;494;71;584;482;929;266;979;530;926;521;696;351;876;650;721;449;962;947;596;607;730;514;407;862;471;53;124;885;237;157;235;691;439;280;550;382;5;874;852;890;476;758;517;858;974;40;970;969;906;679;690;908;952;821;308;304;431;745;233;193;408;983;667;581;822;187;209
210;872;756;572;944;124;823;545;642;431;576;611;136;822;325;596;261;150;63;73;261;863;828;399;310;337;506;960;624;668;804;719;941;803;927;221;757;89;406;21;618;780;140;547;950;782;419;819;933;930;964;47;581;275;154;882;665;240;119;884;305;407;798;388;250;964;716;396;509;402;103;595;635;392;43;626;764;472;976;911;7;260;650;135;636;41;71;100;897;187;159;434;236;4;295;225;174;904;250;900
693;364;515;893;98;369;882;734;611;247;828;623;978;172;244;143;380;879;983;813;707;755;815;932;38;864;751;490;396;454;943;807;484;46;149;160;289;440;232;644;382;830;564;280;540;588;529;384;854;837;109;117;451;145;80;565;13;588;589;909;563;37;671;592;263;857;473;114;74;224;686;451;917;44;924;547;313;763;818;9;629;163;149;640;495;122;413;494;735;97;565;215;506;570;984;78;639;146;74;176
342;835;731;474;608;86;329;108;710;743;854;259;560;408;423;195;122;918;956;339;614;914;451;634;975;762;749;712;97;976;695;644;994;340;321;775;43;325;518;272;664;461;791;851;994;548;326;882;381;944;930;152;511;490;427;803;888;562;224;537;572;21;248;935;931;232;758;143;925;763;402;963;497;884;244;981;850;846;52;639;979;276;369;13;771;364;761;627;121;713;329;49;401;980;804;908;476;260;847;828
79;600;213;330;636;628;157;922;47;597;273;833;655;11;998;699;512;41;245;920;749;275;82;905;82;4;657;320;376;142;494;216;445;943;799;73;856;96;406;508;477;435;351;943;687;24;450;566;230;859;409;860;166;687;93;987;281;813;368;4;599;490;125;791;426;849;43;603;836;465;769;657;716;785;226;654;332;608;366;622;78;622;983;374;309;123;8;969;564;600;712;204;408;346;915;433;378;203;900;87
672;815;440;661;474;13;947;127;33;957;449;847;383;312;992;42;435;640;37;76;976;421;128;160;978;408;642;19;747;250;615;183;455;92;789;962;944;187;249;884;489;933;968;705;705;811;362;780;491;354;822;194;426;763;733;846;548;824;982;593;813;906;41;531;398;648;177;567;909;88;819;375;752;470;635;51;947;864;412;741;554;953;535;120;609;68;68;422;662;81;928;883;839;827;424;737;937;165;792;97
790;492;828;914;661;177;626;354;456;568;722;66;274;418;54;380;970;369;811;210;942;616;793;760;571;764;308;752;744;415;73;700;483;834;594;436;909;755;978;328;278;414;693;123;200;574;480;856;738;387;904;665;180;886;707;221;332;464;167;829;512;958;856;502;975;133;964;556;93;438;50;205;344;630;254;920;727;378;7;700;529;151;50;442;662;719;826;180;366;477;223;883;624;759;736;642;698;814;900;750
228;482;671;745;974;537;61;969;30;990;432;285;834;613;801;375;867;787;245;12;191;60;515;660;439;388;484;785;437;79;541;662;340;395;458;612;157;285;899;118;325;603;667;343;124;925;457;20;162;738;558;161;632;199;728;350;253;885;951;13;797;623;745;878;555;781;625;160;76;298;428;127;406;471;426;729;871;998;656;337;927;866;697;519;13;643;453;627;978;240;133;232;570;130;35;982;265;893;870;294
692;899;15;927;123;286;830;325;376;196;568;277;344;824;978;965;169;740;154;648;795;669;65;81;247;597;690;386;323;739;964;511;706;765;586;213;555;203;979;260;770;689;169;924;368;959;981;282;447;573;581;800;878;540;335;507;977;348;216;153;399;1;774;914;808;384;355;325;962;277;720;630;879;234;942;851;471;806;18;244;837;956;784;190;617;999;657;34;386;132;99;534;782;657;701;477;747;772;502;83
988;387;46;927;617;111;64;487;981;268;773;510;844;835;107;471;470;242;808;471;63;651;911;429;930;730;314;704;962;640;314;802;895;629;441;765;631;276;861;602;922;756;178;616;458;981;953;5;478;195;492;827;244;310;981;308;133;868;78;274;477;159;323;44;182;84;967;728;563;97;471;464;319;166;70;665;314;265;923;108;262;822;772;17;442;715;502;622;790;619;994;917;651;669;384;415;610;573;89;556
374;391;852;252;279;918;275;221;416;535;412;264;877;704;24;436;763;113;296;58;107;276;580;755;467;145;807;951;692;953;219;273;116;213;3;967;570;927;701;581;625;885;977;911;711;894;470;899;742;543;5;628;19;304;776;842;369;705;120;109;717;277;174;282;687;109;563;971;390;823;843;768;659;73;643;101;725;884;148;696;705;496;754;833;761;685;187;819;733;987;217;716;65;381;556;843;395;643;983;506
940;324;201;10;371;114;919;693;850;159;450;324;750;2;999;970;929;179;8;710;237;903;95;181;124;9;612;180;917;855;205;543;668;76;294;368;667;717;395;785;980;23;433;180;495;102;192;644;170;424;98;863;169;437;563;2;736;671;477;841;689;944;65;5;510;684;414;687;303;613;551;599;338;451;477;432;410;114;25;73;717;451;453;641;788;984;264;358;629;703;33;378;441;913;894;754;613;358;95;274
130;553;720;989;254;403;576;379;939;681;271;5;111;722;636;371;237;816;332;458;768;981;323;906;707;470;375;858;97;131;582;953;936;142;841;684;867;978;410;994;350;455;499;225;170;970;606;582;541;705;454;888;975;742;238;661;344;740;958;127;680;197;524;982;57;438;72;512;153;914;560;445;511;63;287;60;302;205;65;409;893;383;476;272;561;514;150;890;733;913;610;112;128;221;94;96;728;359;892;551
68;278;470;4;844;157;448;687;108;537;403;232;20;101;86;332;46;187;554;540;19;989;704;889;459;281;688;691;735;502;190;502;132;970;880;442;162;663;202;575;938;728;953;658;829;277;783;420;749;549;570;544;434;128;908;44;454;225;22;205;8;500;785;562;521;427;652;53;33;797;937;411;219;405;66;615;841;96;803;585;352;901;5;461;612;898;346;678;595;774;943;385;77;863;311;757;258;503;752;143
892;421;813;27;565;289;770;903;978;198;841;349;51;846;444;275;851;129;848;564;945;424;393;136;541;777;985;844;566;269;319;410;549;198;78;254;149;941;157;285;987;76;427;846;747;754;266;530;243;142;444;917;29;442;849;264;983;626;52;357;377;175;300;605;121;414;129;966;464;701;161;427;311;389;78;125;246;509;769;490;428;259;751;829;1000;601;43;509;457;982;9;818;469;156;758;272;397;90;488;103
801;238;517;898;136;595;182;13;185;554;529;507;551;831;662;702;644;59;280;287;362;465;111;481;210;476;769;930;945;456;844;429;499;87;87;815;43;638;883;796;155;503;549;339;732;298;373;922;179;656;750;794;448;874;994;296;620;247;58;678;380;32;963;756;521;969;516;758;341;847;202;232;834;428;649;853;777;94;451;193;194;40;316;481;969;108;310;272;545;570;701;854;914;313;72;419;556;53;906;915
226;104;195;191;982;18;716;506;300;710;51;609;542;979;274;285;619;35;904;53;894;772;987;260;119;626;845;456;609;444;146;554;669;736;471;500;310;877;474;441;953;603;715;348;101;727;974;282;66;393;733;794;980;983;559;780;607;299;115;216;350;312;180;966;787;780;336;67;194;746;680;763;88;347;365;631;913;117;396;192;166;438;388;618;795;957;414;131;763;523;792;694;575;789;712;816;993;8;649;617
574;13;452;609;590;927;299;184;59;402;168;71;858;909;104;603;957;529;928;122;829;481;758;728;158;612;110;108;60;511;982;514;181;469;888;322;461;632;466;808;239;459;331;89;844;942;231;903;17;498;975;882;994;106;205;463;153;983;715;227;124;105;507;567;932;170;180;667;890;283;80;548;346;113;105;385;624;409;324;904;778;1;629;516;171;754;853;382;516;723;207;208;868;344;39;927;622;800;196;895
346;236;551;374;514;396;587;351;297;40;465;529;274;382;756;433;299;96;409;958;340;927;239;164;622;221;914;100;355;124;995;803;57;318;245;63;434;993;118;691;441;190;990;244;459;630;941;520;355;708;218;957;244;251;290;255;917;788;611;531;965;156;719;290;128;474;821;995;729;291;778;157;318;26;101;584;778;867;765;414;424;322;445;678;320;206;375;476;932;478;858;706;246;521;895;815;369;413;758;796
408;832;165;89;184;947;260;386;668;145;113;911;551;185;153;882;454;280;451;218;784;786;193;268;650;87;177;172;452;977;589;743;212;324;445;725;837;654;864;516;206;34;786;936;276;789;995;400;850;775;834;878;924;422;85;907;31;511;1000;50;816;809;642;881;242;908;365;203;753;163;619;77;549;979;607;567;75;797;446;922;342;673;727;301;894;132;38;156;629;586;976;899;968;11;92;367;830;414;989;894
618;561;397;483;30;583;699;206;399;810;401;735;623;167;392;457;435;7;511;901;815;543;792;430;908;957;33;428;125;725;791;134;899;309;368;890;931;481;69;864;383;16;609;664;923;217;222;359;574;271;420;779;813;845;171;798;932;740;840;578;582;955;748;434;59;120;934;80;603;527;940;324;402;101;23;302;126;869;212;312;513;640;930;29;774;249;198;776;334;175;659;793;640;637;991;559;952;417;833;392
445;571;17;268;199;745;313;689;620;447;339;994;336;714;189;355;388;55;749;844;943;718;722;489;502;359;367;904;697;137;178;552;419;788;831;718;392;202;709;11;280;43;586;469;991;791;680;107;376;592;250;766;9;373;224;986;12;471;848;226;122;834;751;86;534;897;90;760;109;632;178;622;35;33;161;266;238;572;522;160;354;48;521;436;896;794;570;448;781;653;802;966;899;150;942;444;29;165;338;39
684;383;824;488;687;914;927;637;875;499;532;342;674;768;602;201;376;260;171;248;778;991;843;545;473;787;994;912;166;784;868;922;78;478;884;203;769;496;510;133;527;569;297;334;227;312;153;684;757;349;66;33;159;450;299;380;374;488;329;890;345;162;264;748;187;932;82;879;721;84;148;811;381;344;252;991;285;569;421;363;943;93;482;16;478;531;697;392;527;918;667;434;243;751;381;487;40;66;355;808
201;47;963;879;284;196;101;646;380;989;571;181;734;971;687;608;551;963;940;154;52;100;456;667;360;738;553;92;531;668;639;78;488;518;43;650;55;913;132;532;139;56;847;524;112;147;645;698;248;604;146;338;97;825;42;452;434;473;170;781;722;362;93;765;5;259;674;436;848;910;15;976;548;921;89;183;947;914;324;180;607;211;534;453;86;454;335;1;50;377;106;158;762;542;856;84;563;628;188;911
937;165;159;925;386;89;566;613;147;212;762;923;18;877;198;922;137;461;642;139;792;258;941;971;191;438;423;68;832;341;762;549;789;81;243;200;648;853;727;445;945;512;820;81;889;250;774;428;805;797;314;331;716;499;698;289;419;876;238;800;588;287;800;425;845;369;466;472;455;511;357;232;207;797;504;635;571;37;546;253;707;48;870;801;33;541;552;930;583;728;399;373;541;165;548;838;590;345;77;643
701;35;400;462;709;521;870;132;981;913;766;343;48;591;476;582;641;341;132;397;662;89;853;298;699;13;814;309;656;674;207;892;209;908;776;579;563;848;394;357;573;929;662;515;196;812;590;132;353;802;560;348;2;227;986;133;126;570;84;499;879;629;162;280;766;125;830;763;164;183;18;329;309;195;20;734;364;12;793;473;179;81;323;709;69;371;727;538;574;118;694;46;827;516;143;282;405;307;186;118
980;615;987;262;942;733;687;902;934;972;111;929;800;741;795;422;366;194;850;629;780;319;259;865;758;91;261;373;205;663;493;593;712;345;431;914;998;640;958;424;467;311;409;525;363;490;697;204;870;248;84;666;597;839;335;201;490;716;721;368;236;840;506;234;714;824;563;302;956;558;263;741;814;654;838;850;476;394;664;85;198;774;25;867;493;519;954;644;613;25;783;113;171;997;685;356;508;818;485;294
803;712;100;979;61;803;110;749;967;30;404;924;894;663;447;458;738;387;688;839;334;602;31;661;404;439;249;635;880;219;406;443;381;618;382;210;823;966;74;261;624;582;36;106;154;639;541;796;326;211;106;204;115;424;137;554;375;811;460;264;687;852;146;812;287;553;92;373;146;952;553;128;191;783;978;428;724;295;791;64;483;8;611;780;41;214;418;925;463;261;30;598;649;728;643;827;981;798;577;44
832;998;932;710;392;598;325;541;461;861;642;55;933;114;631;632;171;779;62;753;191;397;427;767;469;475;732;728;111;324;308;315;112;175;241;193;51;108;347;442;869;409;384;501;285;30;944;628;667;870;731;220;488;727;633;887;39;842;546;879;534;179;972;499;338;216;445;716;654;337;183;249;439;601;196;952;965;786;390;511;110;908;109;487;390;588;4;870;528;438;994;859;712;640;117;468;296;115;848;597
504;372;351;218;977;698;44;395;817;5;224;228;140;254;500;616;202;429;62;65;384;245;850;418;818;87;377;100;36;667;906;458;496;955;671;905;955;200;336;990;800;329;231;789;519;734;851;80;987;667;154;520;722;248;75;934;693;546;98;695;134;17;328;289;823;58;943;494;400;860;560;241;455;100;621;397;235;287;377;855;67;289;586;500;396;862;466;926;84;761;595;194;871;298;584;194;261;56;139;679
678;637;614;932;408;283;320;800;182;394;449;315;763;441;917;53;159;802;540;650;724;170;425;237;778;76;624;706;659;741;363;389;848;43;220;966;666;520;685;135;26;19;668;546;403;154;292;221;636;196;423;175;333;517;320;393;344;817;162;560;662;170;826;900;621;108;280;669;45;782;919;471;750;457;560;170;449;771;958;442;474;405;507;826;243;164;304;550;55;499;145;843;138;441;766;762;768;483;896;233
435;767;383;346;984;449;163;575;150;821;966;606;716;722;674;472;109;573;451;569;916;388;746;555;393;874;636;546;651;514;384;592;323;611;671;685;264;97;389;671;416;511;987;384;406;932;808;522;833;223;87;453;119;737;986;80;434;741;701;549;833;577;881;294;492;495;665;846;882;663;244;951;821;374;188;470;416;731;946;939;94;867;844;856;693;684;902;445;476;64;60;374;747;544;575;161;938;243;951;904
488;141;287;664;630;881;644;532;909;759;291;800;491;373;608;596;586;681;273;412;891;876;352;627;787;864;622;662;689;923;56;808;861;558;500;796;457;611;5;147;451;428;813;671;980;578;933;105;690;552;144;386;130;551;747;246;219;310;356;53;11;38;352;195;398;435;109;338;518;62;804;678;296;916;880;96;43;261;199;810;462;189;906;353;288;333;451;294;519;133;502;486;120;65;377;446;80;881;872;717
140;846;124;285;477;960;371;758;490;286;277;544;939;446;735;594;951;465;860;91;250;67;380;36;880;483;357;474;578;278;439;664;142;226;416;278;705;740;726;573;177;363;640;417;868;345;724;198;117;676;103;57;238;445;364;773;43;280;56;896;11;841;900;75;173;886;598;984;877;118;347;755;920;71;733;669;108;385;97;101;897;851;599;24;282;363;435;647;392;188;296;512;855;548;459;525;208;515;92;460
482;308;491;940;484;884;674;854;757;728;32;190;481;132;505;323;359;267;943;662;623;88;848;824;469;293;783;559;936;624;581;867;941;849;43;917;963;366;191;204;977;954;210;422;896;470;971;528;64;567;455;227;251;127;154;742;62;933;562;48;606;314;322;236;427;676;217;921;895;288;606;233;344;534;322;357;191;915;109;962;897;95;456;443;582;640;405;441;627;777;701;759;79;345;648;888;251;204;555;235
5;446;366;382;207;592;771;417;817;125;611;146;961;128;577;997;986;122;298;645;877;286;847;561;590;553;409;602;433;92;404;793;53;644;125;657;281;516;983;983;119;22;158;197;367;765;633;20;289;237;412;603;705;784;679;568;814;335;863;168;329;462;323;964;549;880;809;735;954;804;25;480;994;719;243;430;499;740;374;997;294;946;605;90;27;355;384;18;835;368;260;823;202;274;399;374;154;135;965;757
529;301;11;552;725;593;579;889;561;24;494;71;352;453;145;843;379;82;778;214;67;326;173;622;488;281;967;403;693;585;330;601;181;930;619;644;785;203;542;699;316;601;535;808;8;297;932;843;377;288;760;751;308;554;653;729;229;420;759;63;186;650;688;430;75;829;614;538;968;517;834;605;747;306;690;883;979;665;527;507;736;466;438;982;142;174;38;115;817;276;902;768;156;905;987;830;822;623;809;497
160;332;110;943;627;509;136;989;8;982;821;554;939;766;340;33;310;153;641;966;517;289;190;788;704;194;533;831;665;618;674;754;250;286;823;711;40;995;982;704;223;420;443;922;539;465;600;167;501;916;885;486;869;408;423;162;576;788;751;299;750;629;480;87;575;782;181;192;747;432;63;997;783;407;618;745;658;474;329;387;875;852;135;393;288;799;44;125;43;619;696;437;465;236;497;315;47;393;954;444
983;744;357;20;247;398;822;409;237;344;821;325;879;615;48;721;663;167;29;693;114;8;212;241;977;344;161;203;573;408;624;860;191;981;566;175;215;623;955;569;681;311;167;285;550;911;662;591;652;973;887;633;630;793;812;511;459;558;6;548;185;555;464;298;213;64;413;399;1;819;442;643;937;121;855;794;924;433;815;112;997;624;943;131;719;379;793;850;706;673;510;200;718;86;70;270;381;109;686;825
318;533;823;31;165;427;591;509;729;390;823;597;768;758;647;639;878;217;817;808;5;265;894;467;650;993;838;907;75;984;250;59;278;338;255;823;751;751;852;836;751;257;409;740;53;172;715;381;310;995;391;577;859;757;608;203;810;733;131;728;412;127;585;77;863;804;622;385;90;501;730;248;647;867;540;70;789;180;12;120;509;187;40;176;401;741;646;184;44;75;369;223;672;439;250;565;217;445;260;251
90;455;456;196;206;552;980;72;166;9;295;809;49;431;335;284;406;82;496;120;64;729;730;761;849;673;886;342;704;942;531;760;231;111;733;497;446;362;392;549;514;654;93;547;764;950;848;94;420;159;71;506;883;863;376;465;531;708;306;55;602;538;497;858;738;179;380;954;248;221;943;267;515;510;627;841;942;326;103;915;665;802;371;414;749;928;521;464;131;633;652;435;915;16;396;711;94;271;286;67
33;350;153;637;989;940;816;660;505;713;224;684;698;157;267;311;135;482;89;316;91;680;821;939;842;8;498;524;971;421;558;80;840;52;181;678;916;383;539;600;689;399;263;63;565;827;511;860;195;763;829;801;50;952;674;295;223;952;539;130;758;735;486;433;339;804;51;370;214;974;826;125;171;528;733;513;899;614;155;957;823;882;785;528;314;167;906;665;311;531;629;380;567;169;210;766;438;145;781;319
508;13;933;192;423;924;864;171;640;722;642;697;56;312;161;428;422;751;894;831;527;153;786;900;14;729;620;377;503;330;587;650;785;211;978;783;745;420;519;31;970;557;666;453;337;11;74;343;468;390;509;904;772;438;51;308;603;151;980;63;323;463;58;603;762;305;649;665;694;575;397;878;919;390;186;628;740;112;952;606;16;229;270;599;136;352;304;158;805;323;173;602;498;966;74;43;662;938;902;725
700;435;199;559;2;582;95;525;742;429;199;325;361;391;668;25;810;689;566;368;998;395;678;148;637;659;829;158;915;362;628;392;572;953;319;27;625;998;740;917;310;837;271;493;976;563;673;883;352;816;633;616;125;618;229;120;879;163;727;253;674;977;606;196;639;323;336;29;273;792;526;946;709;395;119;792;675;207;316;265;856;144;956;919;677;596;829;918;210;125;514;117;126;155;887;175;745;310;685;951
207;436;122;424;119;164;455;397;433;633;264;93;696;539;516;257;426;996;513;832;958;382;358;636;660;888;104;820;163;158;456;666;634;681;624;498;344;324;99;421;515;765;590;112;503;595;749;336;309;300;405;493;961;177;390;302;152;525;310;150;542;678;455;356;136;101;871;176;520;373;769;741;411;337;452;255;913;674;956;55;950;555;847;617;29;385;715;817;463;534;817;568;917;111;302;974;797;66;808;150
712;854;714;464;660;922;786;562;240;214;912;543;879;106;958;510;409;196;813;74;468;351;357;682;837;533;657;279;484;228;2;497;919;781;754;282;924;55;835;236;194;404;830;563;934;603;255;166;61;191;440;356;515;442;50;256;342;323;336;498;291;840;984;363;787;244;743;273;110;373;401;762;953;610;632;327;190;641;708;551;196;762;573;606;51;896;80;300;105;680;182;785;29;367;616;524;380;41;10;31
932;46;854;150;441;732;90;664;886;971;780;586;692;368;335;734;847;999;293;521;598;154;894;249;534;209;683;514;551;214;286;791;336;940;713;171;80;513;399;748;608;737;70;708;229;736;913;289;235;109;61;974;832;102;47;556;499;512;408;930;415;951;219;125;970;760;348;849;401;887;296;293;818;488;123;873;855;670;21;138;593;313;410;587;268;819;199;814;862;382;800;879;263;109;422;63;790;392;990;511
649;572;663;833;361;517;614;738;991;972;250;800;122;228;433;210;927;363;566;314;739;244;520;161;951;458;495;8;542;365;55;793;720;206;241;530;527;353;463;742;331;84;846;584;661;563;760;314;101;711;547;950;103;497;889;489;900;210;858;235;451;59;713;778;348;715;101;80;390;450;820;660;279;414;489;740;774;547;188;852;698;811;557;7;927;389;503;192;661;882;650;980;78;824;225;802;114;369;425;608
457;893;855;530;474;78;144;30;267;258;785;432;101;110;797;946;570;12;315;219;483;566;596;107;190;320;129;711;926;801;435;177;945;131;319;980;920;272;233;700;487;630;364;110;351;575;708;824;723;776;226;825;196;53;665;933;884;565;811;310;113;34;434;477;902;511;838;858;145;242;350;666;707;480;176;120;319;447;890;850;576;284;926;137;538;780;299;930;831;378;408;797;557;409;171;860;710;115;828;269
16;202;652;824;690;222;892;874;505;964;777;614;240;546;828;922;9;973;544;265;595;98;181;758;957;480;350;396;728;33;618;848;483;796;797;474;686;181;184;270;756;853;979;494;321;531;865;866;749;821;850;175;857;209;837;121;679;626;779;311;337;554;854;416;604;234;51;105;794;201;798;519;153;445;617;471;582;932;915;87;899;519;558;70;241;36;463;244;54;151;703;203;897;217;987;950;106;972;376;562
896;592;349;196;821;975;881;76;345;297;526;789;379;262;2;3;752;205;929;443;880;108;73;140;49;747;759;893;218;832;160;797;714;356;122;70;709;719;173;784;8;456;159;560;749;57;875;203;13;613;308;705;472;634;734;430;341;919;25;655;837;217;243;409;736;645;190;245;521;320;737;923;293;486;560;869;693;32;89;113;882;107;313;815;312;557;260;917;168;714;310;547;15;78;150;139;349;73;286;794
507;317;45;826;485;282;999;310;627;17;853;15;81;100;179;304;600;597;343;703;856;945;45;199;516;418;629;554;78;986;253;419;806;532;652;919;868;681;792;466;729;430;245;567;727;679;348;249;382;806;406;492;873;322;272;985;744;99;462;488;480;231;772;116;32;699;727;996;936;806;515;528;983;969;570;451;770;908;713;229;171;404;868;552;962;785;392;959;916;644;246;946;335;62;566;632;948;530;930;415
35;262;147;972;608;685;446;458;558;222;526;749;553;758;135;28;159;284;854;931;13;920;664;347;604;570;711;970;4;800;835;444;904;598;116;310;476;583;582;267;334;69;233;138;944;95;745;52;88;364;738;387;627;827;350;753;596;73;885;111;607;528;742;89;76;153;521;102;680;22;168;498;485;514;685;883;998;144;471;840;829;870;848;756;142;553;215;516;972;734;591;967;240;937;900;519;551;908;280;481
897;218;783;708;963;457;92;559;872;44;794;245;736;989;401;125;556;467;611;644;605;294;686;687;822;187;233;503;104;641;382;860;235;947;191;992;122;276;538;300;989;709;634;82;283;402;667;837;319;841;906;961;125;611;538;545;4;965;476;973;213;239;844;575;529;715;756;225;325;777;385;243;93;577;742;456;278;128;228;778;432;396;643;483;749;669;557;955;823;885;812;598;491;15;94;911;920;333;954;809
535;706;497;635;494;35;114;603;124;557;974;324;277;197;340;289;561;485;116;49;850;582;277;267;670;941;803;599;996;576;243;371;117;916;694;377;305;464;273;947;596;234;611;795;411;274;727;816;465;687;364;266;590;320;257;788;391;243;90;126;869;105;605;275;644;960;883;86;703;911;995;787;583;77;322;625;931;914;331;561;83;950;956;582;202;491;162;462;741;366;279;222;802;681;802;616;248;22;525;817
480;636;566;296;67;477;650;626;200;230;267;422;618;309;689;806;980;874;453;489;936;250;953;763;277;760;38;828;919;152;190;231;152;988;295;278;665;521;987;314;966;660;698;908;895;384;639;816;3;347;864;600;297;988;387;872;276;163;468;558;524;933;92;345;405;613;170;603;38;377;784;51;661;497;94;966;899;540;228;743;203;566;731;809;182;656;945;204;434;554;586;860;134;413;927;883;801;524;309;845
148;215;802;65;626;195;554;812;529;457;797;437;157;120;415;592;798;704;312;849;310;155;894;27;906;363;390;546;960;905;179;109;42;389;697;146;656;110;659;853;336;619;195;316;627;25;651;790;322;888;894;528;755;119;946;75;888;880;995;678;849;707;586;800;778;896;260;740;248;730;537;581;671;865;955;349;493;959;926;798;804;120;951;749;343;131;252;712;336;760;756;138;573;644;251;861;478;419;766;471
251;548;565;813;794;808;310;428;238;434;906;884;940;5;387;497;889;450;269;484;202;856;517;262;283;824;904;985;542;804;505;190;494;948;931;176;515;402;271;449;242;973;83;477;752;292;657;324;272;954;354;30;108;312;235;38;702;88;259;292;511;422;471;418;431;499;927;658;34;904;527;293;214;820;772;338;668;449;543;478;902;894;732;390;111;225;538;218;294;369;221;332;232;184;578;372;566;212;750;919
481;341;526;460;573;443;855;348;955;14;621;557;229;56;611;514;719;479;117;110;51;410;992;406;430;756;897;299;846;108;64;145;697;935;327;907;490;372;867;276;610;941;509;837;698;57;185;9;409;958;309;540;788;234;652;384;278;269;151;463;967;166;869;622;318;622;659;875;548;40;799;787;203;920;875;266;601;118;290;847;246;249;927;946;881;933;600;551;338;144;33;919;773;852;708;636;516;143;463;194
671;435;809;308;266;612;79;46;332;365;969;608;866;203;386;41;117;603;946;102;496;107;42;341;731;372;287;295;798;238;552;571;409;976;679;322;352;894;740;593;340;263;146;872;163;769;591;615;281;178;834;769;309;699;308;523;371;751;48;108;393;466;599;444;466;624;241;457;823;148;51;832;401;88;49;517;478;925;630;434;142;658;578;377;293;750;858;830;553;576;11;21;898;294;94;357;490;522;25;459
312;412;71;554;366;556;544;276;464;131;140;18;842;90;954;275;581;731;378;730;134;783;274;411;580;720;234;159;771;207;146;738;39;741;701;740;711;487;321;62;192;443;335;158;864;911;67;390;417;338;957;933;397;209;816;848;971;270;810;268;115;967;766;687;669;323;763;250;999;176;909;229;475;691;204;493;748;421;844;964;988;136;128;120;362;222;493;88;975;414;124;495;89;851;622;842;729;417;438;384
571;443;215;487;585;98;111;728;832;821;310;341;941;510;626;199;83;39;722;813;746;697;629;601;237;981;176;184;320;687;377;30;95;879;644;477;203;544;114;250;888;770;521;442;57;126;733;82;609;138;710;412;416;289;545;143;762;836;551;298;168;897;255;266;434;875;802;347;608;866;138;717;384;772;58;551;927;648;604;744;892;42;431;223;501;159;789;890;365;195;119;449;562;568;142;161;511;867;446;915
385;517;578;449;847;749;980;690;578;806;555;745;555;975;125;130;509;199;986;784;277;625;180;275;816;472;511;948;911;400;309;201;330;923;682;385;835;717;56;754;677;345;646;854;529;654;967;683;545;80;588;320;252;903;44;205;852;367;724;764;540;335;829;392;287;513;189;807;57;74;290;750;179;974;150;116;139;318;38;198;1;625;869;971;786;445;32;25;920;531;783;211;629;618;724;59;754;157;692;286
592;84;653;866;758;468;301;252;927;447;354;438;999;26;825;519;473;86;13;47;138;66;254;228;986;478;921;192;574;76;955;950;871;721;306;749;965;260;732;346;354;185;112;840;166;354;755;441;350;72;842;733;934;338;130;636;949;349;281;926;400;999;484;493;490;752;993;920;316;485;141;606;511;603;316;952;86;565;667;127;765;416;55;266;823;511;501;553;946;78;542;279;16;345;22;245;119;684;964;761
89;645;171;527;203;922;447;894;430;216;192;53;466;658;497;604;911;960;936;343;305;228;70;361;15;839;587;169;86;790;461;590;892;711;536;723;363;260;611;884;736;927;890;246;70;849;786;50;582;495;840;740;914;194;383;559;364;802;903;635;319;225;74;932;732;349;947;904;976;196;553;4;235;920;499;869;27;286;363;313;817;756;326;622;964;100;481;627;523;426;524;190;317;27;336;168;894;980;11;401
161;609;255;809;791;757;304;774;929;989;573;805;705;780;623;591;949;910;200;855;889;512;738;12;287;965;860;181;834;69;707;396;115;728;651;782;805;320;824;159;315;247;586;901;15;825;693;236;631;821;977;990;900;494;591;344;136;760;304;40;854;958;128;474;133;160;245;95;74;526;752;429;770;672;959;33;978;418;78;118;317;972;497;679;387;697;820;854;463;791;401;819;376;776;193;539;246;467;39;941
494;945;912;881;939;928;261;182;965;777;392;105;397;419;471;710;785;59;868;14;141;734;791;93;340;911;730;515;194;240;236;179;930;674;632;544;471;799;406;965;916;323;617;572;469;493;924;732;380;600;702;960;562;307;629;565;27;920;618;8;289;760;659;982;228;66;550;501;485;489;712;415;178;220;887;390;27;220;506;59;401;259;498;373;553;20;931;795;321;531;561;77;771;418;430;730;125;622;523;862
372;365;128;294;466;814;706;741;461;800;357;927;613;916;809;685;968;254;202;159;411;392;604;693;984;860;878;132;507;482;880;209;328;336;868;177;923;348;651;154;374;972;910;310;749;54;851;984;877;916;310;803;906;113;901;343;48;986;833;119;743;384;794;504;339;288;583;18;554;774;515;612;923;817;870;103;588;192;154;425;703;363;202;375;751;122;122;105;633;705;263;452;758;423;530;563;73;709;551;99
128;495;288;248;648;817;407;578;422;140;784;241;124;148;82;918;499;42;411;888;988;357;143;811;735;756;495;176;475;605;713;912;803;944;392;636;607;312;187;533;148;285;336;886;606;931;948;338;861;339;723;339;703;759;910;473;291;771;596;89;965;116;96;959;907;942;365;723;290;54;215;632;177;433;485;464;990;137;934;582;701;265;238;752;882;845;751;176;674;889;590;978;819;682;151;659;165;444;891;560
506;134;664;680;802;630;979;441;113;456;404;497;830;209;909;261;889;614;647;169;128;676;609;260;842;775;639;53;324;803;819;149;925;583;652;361;608;768;506;375;847;784;724;922;604;8;374;785;542;940;179;166;130;589;913;690;932;918;705;280;16;923;167;762;20;273;301;162;799;712;725;533;360;597;487;609;135;28;258;750;136;984;591;415;790;717;936;368;541;337;645;121;863;938;741;466;837;369;118;238
253;646;320;6;850;176;540;911;335;302;425;476;91;574;625;525;257;764;11;286;262;651;550;30;133;548;449;795;358;532;59;798;190;36;713;943;500;69;383;778;74;114;413;385;222;122;216;810;338;192;326;42;593;427;503;108;492;302;871;898;361;517;961;816;178;490;254;286;577;877;786;857;342;915;787;370;966;551;652;434;713;753;158;900;463;767;425;813;388;378;759;478;616;30;262;68;155;622;780;853
904;995;404;164;383;379;358;303;39;302;843;648;658;225;137;285;665;12;202;933;662;604;635;124;326;415;100;628;260;884;117;163;939;122;387;17;314;293;532;218;648;429;117;580;29;304;10;10;79;46;801;252;1;857;617;224;621;49;571;756;898;226;393;737;299;82;524;466;60;911;218;560;294;665;730;292;17;563;247;428;380;71;283;581;448;664;345;895;114;356;953;917;456;782;809;757;309;892;994;605
239;670;171;653;293;982;79;77;483;385;293;764;318;804;950;285;222;313;785;305;739;608;576;850;944;25;137;767;952;80;745;725;577;471;770;625;543;252;661;260;804;663;297;613;212;924;79;15;130;426;35;546;274;178;257;90;822;983;263;681;485;885;375;259;84;734;453;716;248;352;556;987;236;340;15;928;74;524;248;137;847;600;991;636;952;863;717;71;369;124;979;808;513;535;34;346;609;938;404;420
619;665;60;473;650;868;614;618;581;881;32;571;586;596;767;835;937;483;134;447;624;66;337;553;814;771;249;912;552;895;302;510;374;952;328;525;592;400;463;284;438;114;215;681;345;292;544;264;7;914;879;422;420;55;988;99;741;818;774;89;829;990;69;827;196;857;260;969;323;461;774;742;801;404;157;63;810;831;305;105;637;622;272;503;868;967;363;998;728;19;721;637;575;973;889;733;743;715;37;563
313;600;312;13;958;747;810;256;589;181;819;963;497;124;359;742;513;389;420;954;935;452;118;485;682;467;52;303;37;769;809;845;35;731;822;410;321;191;743;72;38;85;209;897;211;406;821;923;892;531;409;744;440;986;13;953;125;859;699;684;773;247;575;219;628;548;533;146;345;660;365;694;236;702;328;19;499;787;389;23;452;889;699;40;486;775;45;89;845;344;487;812;960;379;218;428;42;506;719;162
55;530;286;528;472;85;838;600;933;871;940;338;38;556;125;437;221;79;540;315;339;347;541;961;856;29;276;993;529;603;123;733;622;17;591;516;441;601;657;899;195;855;877;487;704;562;328;937;189;801;303;98;311;833;635;262;90;261;597;940;819;271;851;793;890;367;193;944;651;407;774;681;909;547;597;377;132;571;219;246;965;458;241;900;181;841;443;734;185;308;436;149;10;818;599;377;631;427;882;92
938;721;652;765;413;656;274;922;265;836;374;772;551;178;508;123;378;966;856;827;897;833;111;545;234;8;827;380;402;477;121;304;110;754;772;605;728;825;515;541;155;775;159;261;585;129;402;312;820;316;196;461;770;335;398;483;354;625;655;880;526;552;391;977;516;34;629;509;973;357;419;820;627;846;627;194;61;319;582;931;376;255;164;484;146;905;803;431;810;56;521;973;503;776;773;606;262;755;858;194
895;191;417;599;268;726;173;720;723;925;709;272;516;425;33;128;898;390;700;600;621;811;540;194;441;964;437;28;402;282;310;53;605;159;58;891;351;957;837;680;785;920;429;412;796;50;61;770;699;726;949;759;454;965;55;78;406;19;706;324;587;225;164;654;61;608;759;956;500;140;431;524;50;649;628;842;541;282;552;12;953;804;23;784;153;787;655;847;91;90;280;211;525;43;918;537;930;222;162;465
686;606;319;341;915;771;661;828;375;588;73;227;660;658;326;264;404;303;354;248;633;670;487;674;832;439;114;280;454;924;661;172;792;217;408;792;171;372;263;756;73;643;655;70;308;939;605;425;940;694;764;848;697;753;934;481;680;627;13;523;262;79;29;806;977;974;127;630;315;333;53;774;899;147;394;77;542;323;207;952;180;359;343;386;359;924;280;408;842;537;719;367;376;437;100;503;973;8;914;985
769;906;494;340;596;189;218;120;414;426;697;164;212;59;661;891;284;201;334;683;919;348;74;894;672;355;88;130;273;391;590;225;662;548;530;804;597;350;559;237;392;444;509;986;418;169;812;693;603;343;755;556;628;725;88;933;980;455;381;678;397;852;628;571;673;798;24;481;389;49;959;492;183;15;538;736;891;117;679;125;505;958;110;333;887;684;143;579;301;411;199;178;132;696;338;853;740;348;976;862
573;308;83;936;250;618;663;406;710;442;511;19;318;552;363;199;180;471;574;487;277;765;503;714;615;5;337;418;282;573;738;839;2;611;312;659;343;568;677;970;734;656;980;594;831;678;945;78;779;683;43;219;124;992;225;70;804;344;737;436;188;551;5;259;986;46;155;57;174;983;192;455;618;938;668;8;556;715;148;331;710;615;114;665;859;855;53;476;410;34;702;780;991;712;70;969;712;80;738;742
203;4;238;944;608;38;592;463;884;321;241;263;939;791;574;143;931;864;946;282;842;805;787;819;358;835;816;851;515;752;397;405;797;357;493;619;506;483;576;700;412;618;455;471;694;925;438;798;618;702;976;485;210;744;838;987;566;427;240;512;157;323;514;474;299;88;772;295;983;879;396;732;274;613;736;728;34;254;538;357;514;485;843;788;333;68;189;67;331;64;60;510;319;639;366;364;202;54;441;751
792;563;85;842;373;161;593;428;70;811;927;495;483;498;954;382;955;54;287;771;130;898;267;730;370;614;353;573;271;195;388;188;327;301;449;440;424;441;141;75;193;190;291;208;204;146;368;180;241;70;509;668;910;183;453;247;146;773;781;644;52;291;395;297;915;740;279;147;446;780;85;284;831;608;239;63;501;675;319;21;368;236;170;228;211;682;833;560;953;272;617;637;698;6;493;19;109;265;594;798
64;753;729;357;791;578;346;883;822;304;973;479;874;89;956;263;788;133;483;632;330;836;763;154;996;37;512;152;79;661;491;938;993;885;319;536;184;637;325;303;275;953;655;537;619;89;968;931;473;561;489;294;913;456;787;860;300;181;635;229;407;395;178;852;241;525;522;554;76;228;829;339;657;131;799;76;862;756;734;144;766;978;143;243;357;681;734;168;532;502;8;291;574;307;902;419;114;918;740;262
175;463;361;362;856;616;771;970;155;679;897;997;871;609;507;415;719;161;709;973;40;395;802;138;731;716;32;952;459;934;90;895;521;17;345;231;705;604;418;731;1000;274;360;43;836;225;50;765;684;24;813;846;363;668;212;752;286;245;747;268;993;225;310;965;546;338;809;116;240;40;207;710;16;650;568;733;815;441;64;64;950;239;801;353;761;183;396;743;661;534;668;297;53;287;618;544;701;572;278;537
818;803;773;745;452;155;429;769;719;352;213;524;240;342;879;518;42;286;760;340;852;543;920;793;427;270;587;665;657;843;409;449;916;70;958;841;166;13;963;463;420;141;684;452;653;182;374;829;813;625;867;291;777;664;875;874;884;267;862;444;852;755;307;166;31;25;483;930;992;593;46;580;322;681;91;669;507;234;194;922;817;338;374;988;436;202;206;980;633;556;609;929;351;502;755;382;950;362;252;692
349;998;28;151;298;529;25;658;939;740;42;443;979;144;423;42;25;764;768;835;802;433;414;373;738;30;346;923;428;366;222;736;870;735;604;599;412;743;285;336;656;164;288;250;769;118;815;50;747;611;160;620;822;760;68;264;449;553;415;739;156;770;749;671;795;565;864;455;285;681;501;137;695;791;730;335;163;277;468;809;645;994;19;743;95;828;686;593;388;468;777;953;655;611;46;513;975;522;237;588
371;946;459;166;399;649;56;350;833;795;16;19;291;448;854;51;591;265;491;665;524;841;314;410;66;954;431;568;314;687;863;825;461;17;962;785;618;990;431;222;715;752;539;8;902;294;412;449;464;473;375;97;221;437;535;148;131;245;254;459;517;229;824;443;50;463;891;796;763;176;883;237;195;914;166;727;949;390;662;933;520;229;281;602;281;553;256;535;634;489;986;776;732;819;351;386;433;263;706;201
834;17;725;600;647;334;876;690;683;837;912;775;78;854;8;41;221;339;962;556;776;69;901;484;554;360;563;900;481;876;193;411;601;798;75;197;723;840;114;914;833;770;968;561;575;659;791;439;419;937;939;380;826;963;115;142;67;227;452;299;682;857;679;986;44;357;369;670;792;939;376;864;188;749;483;65;923;522;262;2;632;279;362;353;260;10;399;11;790;190;920;597;87;5;455;165;458;368;22;40
18;557;747;800;44;289;520;55;240;901;197;800;724;223;364;521;867;316;924;85;175;258;342;249;811;575;785;1000;799;677;87;877;177;950;979;338;832;846;97;446;407;736;999;258;546;489;34;402;650;930;587;522;738;161;612;669;445;971;450;159;366;457;280;500;39;889;635;391;390;710;274;481;77;205;867;77;90;206;90;26;604;213;219;321;771;600;847;270;644;339;123;471;611;988;694;542;112;715;989;735
757;174;248;129;520;960;867;959;904;988;988;719;539;296;79;195;585;655;68;405;536;557;513;608;79;996;176;458;537;539;448;838;631;258;314;266;426;295;834;885;892;728;768;505;886;339;14;632;228;229;615;6;641;852;734;494;882;484;491;249;963;677;766;842;233;713;240;329;362;460;453;264;314;251;245;107;645;143;761;632;166;176;955;711;959;391;616;891;219;337;645;79;483;940;89;995;703;508;821;751
398;611;979;266;74;887;249;595;213;752;267;131;401;888;572;662;856;806;599;360;153;719;890;783;210;785;363;220;413;678;355;660;971;941;280;372;763;560;153;910;313;203;82;818;550;218;218;868;808;615;298;874;204;475;765;640;692;852;758;106;930;761;382;34;393;546;220;549;155;614;554;761;327;684;525;336;903;78;211;458;306;11;878;2;830;792;677;87;64;183;637;716;630;778;980;456;910;874;561;935
366;632;813;358;155;645;953;291;393;350;132;349;285;386;207;754;910;82;37;350;65;568;814;275;768;603;169;787;332;594;819;308;15;339;900;19;540;576;714;889;408;183;437;272;181;313;283;617;295;410;435;203;945;541;253;393;289;620;985;790;273;441;299;703;58;296;836;177;436;113;65;269;44;97;186;921;307;13;211;981;857;338;44;511;550;539;273;975;764;24;590;955;856;717;333;834;590;79;579;684
765;181;112;608;154;675;968;977;563;156;975;682;462;90;614;344;247;424;799;970;180;364;515;261;133;934;545;55;97;668;9;926;365;352;340;755;448;643;696;750;433;173;442;940;125;866;301;816;983;505;44;420;73;360;626;345;109;78;783;429;266;967;196;712;300;977;30;685;236;847;610;770;867;71;935;187;89;151;33;875;246;70;682;458;663;715;267;165;195;856;432;544;704;367;950;686;799;941;360;690
507;605;623;179;414;5;784;550;38;852;812;28;227;892;853;510;438;145;455;14;329;921;161;951;24;644;552;491;918;283;47;841;946;106;215;403;202;583;846;227;680;364;225;932;914;611;964;150;625;566;88;606;309;252;184;449;36;574;147;7;218;107;927;486;394;620;595;990;644;667;155;569;357;371;67;326;660;60;410;246;129;182;134;578;722;800;346;379;726;723;539;832;302;504;799;933;481;42;816;233
580;99;155;108;489;749;190;756;711;550;772;159;775;581;404;17;114;161;398;951;708;315;947;1000;889;810;160;208;108;804;85;860;494;406;485;600;137;711;706;805;549;249;99;689;924;775;939;367;448;120;20;184;169;206;935;478;667;757;123;45;238;394;255;496;48;432;364;124;642;54;17;435;435;515;819;643;808;755;718;41;815;345;703;497;292;523;113;558;400;658;95;731;943;454;602;992;804;267;189;804
62;618;756;824;856;405;345;779;757;31;487;329;369;57;660;966;86;629;695;208;848;272;271;257;911;9;164;147;637;93;827;928;636;919;377;268;114;86;98;539;212;585;971;546;450;548;722;207;166;160;462;585;363;305;176;873;881;946;90;208;780;910;948;168;607;129;868;777;501;561;954;4;698;208;811;364;619;647;841;914;792;47;41;366;566;871;657;958;52;722;141;262;139;223;530;147;482;221;746;723
911;382;422;38;680;189;400;500;425;4;788;910;836;604;69;711;630;197;876;140;819;805;769;585;791;617;997;784;808;749;484;201;320;416;385;396;803;96;293;161;898;259;235;109;500;927;298;902;364;127;806;870;317;521;787;388;655;703;358;536;605;338;102;811;521;354;925;829;18;165;64;119;388;390;220;793;971;355;64;581;379;982;263;321;222;883;425;752;113;544;85;286;476;120;781;907;100;1;926;660